source,title,link
Reddit r/movies,"First Image of Tim Heidecker in 'Fior Di Latte' - A playwright, hooked on sniffing perfume to relive memories from an Italian vacation, spirals into obsession as his life falls apart.",https://www.reddit.com/r/movies/comments/1kes7p8/first_image_of_tim_heidecker_in_fior_di_latte_a/
Reddit r/movies,Employees at Austin Alamo Drafthouse Location Vote to Unionize - The group went public with its unionization efforts in March after company-wide layoffs impacted the Austin location. Unionization efforts have quickly spread within the theater chain in recent months.,https://www.reddit.com/r/movies/comments/1kebyi8/employees_at_austin_alamo_drafthouse_location/
Reddit r/movies,"California, Once a Mecca for Animation Work, Is Rapidly Losing Ground, Report Claims",https://www.reddit.com/r/movies/comments/1kep590/california_once_a_mecca_for_animation_work_is/
Reddit r/movies,"First Image of Maika Monroe ('It Follows') in Crime-Thriller 'In Cold Light' - Ava attempts to go straight after prison, but after witnessing her twin brother's murder, she is forced to run for her life. - Also Starring Troy Kotsur &amp; Helen Hunt",https://www.reddit.com/r/movies/comments/1kelwmu/first_image_of_maika_monroe_it_follows_in/
Reddit r/movies,Which actor shocked you with an unexpectedly great performance?,https://www.reddit.com/r/movies/comments/1kefv07/which_actor_shocked_you_with_an_unexpectedly/
Reddit r/television,Breaks between seasons are becoming too long,https://www.reddit.com/r/television/comments/1kej3x2/breaks_between_seasons_are_becoming_too_long/
Reddit r/television,Forever 31 - SNL,https://www.reddit.com/r/television/comments/1kecpwr/forever_31_snl/
Reddit r/television,"Charley Scalies, Actor on ‘The Wire’ and ‘The Sopranos,’ Dies at 84",https://www.reddit.com/r/television/comments/1kerudd/charley_scalies_actor_on_the_wire_and_the/
Reddit r/television,Conan O'Brien: The Kennedy Center Mark Twain Prize for American Humor is now available on Netflix.,https://www.reddit.com/r/television/comments/1kes91l/conan_obrien_the_kennedy_center_mark_twain_prize/
Reddit r/television,Weekend Update: Michael Longfellow on Real ID - SNL,https://www.reddit.com/r/television/comments/1keds4l/weekend_update_michael_longfellow_on_real_id_snl/
Reddit r/entertainment,Rupert Murdoch’s Media Empire Is Freaking Out Over Donald Trump’s Tariffs,https://www.reddit.com/r/entertainment/comments/1kecpbg/rupert_murdochs_media_empire_is_freaking_out_over/
Reddit r/entertainment,"Donald Trump Says He’s Pursuing 100% Tariffs On Movies Produced Outside U.S., Calling Runaway Production “A National Security Threat”",https://www.reddit.com/r/entertainment/comments/1kexn90/donald_trump_says_hes_pursuing_100_tariffs_on/
Reddit r/entertainment,Lady Gaga Breaks the Record for Highest-Attended Concert by a Female Artist in History — Which Was Previously Held by Madonna,https://www.reddit.com/r/entertainment/comments/1keqg6f/lady_gaga_breaks_the_record_for_highestattended/
Reddit r/entertainment,The 90s TV episode so disturbing it was ‘banned from TV for 3 years’,https://www.reddit.com/r/entertainment/comments/1keiqwt/the_90s_tv_episode_so_disturbing_it_was_banned/
Reddit r/entertainment,Star Wars fans point out telling detail in new AI image of Trump from the White House,https://www.reddit.com/r/entertainment/comments/1kesevu/star_wars_fans_point_out_telling_detail_in_new_ai/
Variety,"Danny McBride and ‘The Righteous Gemstones’ Team Say Goodbye to the HBO Comedy: ‘F—, I’m About to Start Crying’",https://variety.com/2025/tv/news/righteous-gemstones-ending-danny-mcbride-finale-1236385166/
Variety,Sean Penn Says Donald Trump ‘Might Try to Destroy the World’,https://variety.com/2025/digital/news/sean-penn-donald-trump-might-destroy-the-world-1236386585/
Variety,Seven Major Questions About Trump’s Plan to Tariff Foreign Films,https://variety.com/2025/biz/news/trump-tariff-foreign-films-six-major-questions-1236386590/
Variety,"Yes, That’s Josh Peck in ‘The Last of Us.’ Here’s How He Landed That FEDRA Role and ‘Jizzboy’ Speech",https://variety.com/2025/tv/news/josh-peck-the-last-of-us-jizzboy-speech-1236385232/
Variety,"‘The Last of Us’ Star Isabela Merced on Dina and Ellie’s Romance, Getting That Sex Scene Right and LGBTQ Representation: ‘No One Actually Thinks I’m Queer’",https://variety.com/2025/tv/news/the-last-of-us-isabela-merced-dina-ellie-sex-scene-1236385268/
The Hollywood Reporter,"John Oliver Mocks Trump for Believing Edited Tattoo Photo Was Real, Says ABC News’ Terry Moran Was “in Hell” During Oval Office Interview",https://www.hollywoodreporter.com/tv/tv-news/john-oliver-trump-edited-tattoo-photo-1236207057/
The Hollywood Reporter,Trump Says He’s Instituting a “100% Tariff” on Films Produced Outside of the U.S. Because the “Movie Industry in America Is Dying”,https://www.hollywoodreporter.com/movies/movie-news/trump-tariff-movies-produced-outside-america-1236206949/
The Hollywood Reporter,"‘The Last of Us’ Star Isabela Merced on Her Hard Choice, and That Online Debate",https://www.hollywoodreporter.com/tv/tv-news/last-of-us-star-isabela-merced-dina-interview-1236206798/
The Hollywood Reporter,How May the 4th Became Known as Star Wars Day and How It’s Being Celebrated,https://www.hollywoodreporter.com/movies/movie-features/may-the-4th-star-wars-day-explanation-1236206959/
The Hollywood Reporter,Why Lorne Michaels Would Allegedly Ban Chris Farley From ‘SNL’ For “Weeks at a Time”,https://www.hollywoodreporter.com/tv/tv-news/lorne-michaels-ban-chris-farley-from-snl-weeks-1236206883/
Deadline,"Trump Has “No Authority” To Impose 100% Movie Tariffs, Gavin Newsom Says; Studios Scrambling To Find Out What POTUS Wants",https://deadline.com/2025/05/trump-movie-tariffs-gavin-newsom-response-1236385079/
Deadline,‘Last Week Tonight’: John Oliver Jokes “I Truly Fear” ICE Will Deport Henry Winkler As Member Of MS-13,https://deadline.com/2025/05/last-week-tonight-john-oliver-ice-deport-henry-winkler-ms13-1236385075/
Deadline,"Danny McBride Talks ‘Righteous Gemstones’ Finale, Walton Goggins’ Big Moment & Convincing John Goodman To 69 On TV",https://deadline.com/2025/05/danny-mcbride-righteous-gemstones-finale-john-goodman-69-1236383662/
Deadline,‘The Equalizer’ Ends 5-Season Run With Romantic Conclusion & Plans For The Future,https://deadline.com/2025/05/the-equalizer-series-finale-recap-1236385017/
Deadline,‘The Walking Dead: Dead City’s Jeffrey Dean Morgan Talks Lucille 2.0 & Negan’s Latest Struggle: “He’s Having To Do Something He Doesn’t Want”,https://deadline.com/2025/05/the-walking-dead-dead-city-jeffrey-dean-morgan-season-two-1236382888/
Rolling Stone,Trump Directs Federal Bureau of Prisons to ‘Reopen a Substantially Enlarged and Rebuilt Alcatraz’,https://www.rollingstone.com/politics/politics-news/trump-alcatraz-reopen-prison-1235331177/
Rolling Stone,‘The Last of Us’ Episode 4: The Journey Is the Destination,https://www.rollingstone.com/tv-movies/tv-movie-recaps/the-last-of-us-episode-4-season-2-1235327602/
Rolling Stone,Donald Trump Wants to Impose a ‘100% Tariff’ on U.S. Films Made Outside the Country,https://www.rollingstone.com/politics/politics-news/donald-trump-movies-tariffs-hollywood-1235331166/
Rolling Stone,"Charley Scalies, ‘The Wire’ and ‘The Sopranos’ Actor, Dead at 84",https://www.rollingstone.com/tv-movies/tv-movie-news/charley-scalies-actor-the-wire-sopranos-dead-1235331155/
Rolling Stone,Miley Cyrus Debuts New Song ‘More to Lose’,https://www.rollingstone.com/music/music-news/miley-cyrus-more-to-lose-live-debut-watch-1235331144/
Vulture (NYMag),"The Rehearsal Recap: A Legend, Right?",http://www.vulture.com/article/the-rehearsal-recap-season-2-episode-3-pilots-code.html?utm_source=rss&utm_medium=social_acct&utm_campaign=feed-part
Vulture (NYMag),The Righteous Gemstones’s Seann William Scott Had No Idea,http://www.vulture.com/article/righteous-gemstones-finale-seann-william-scott-ending-interview.html?utm_source=rss&utm_medium=social_acct&utm_campaign=feed-part
Vulture (NYMag),A Closing Prayer With the Gemstone Siblings,http://www.vulture.com/article/righteous-gemstones-ending-interview-danny-mcbride-edi-patterson-adam-devine-finale.html?utm_source=rss&utm_medium=social_acct&utm_campaign=feed-part
Vulture (NYMag),The Righteous Gemstones’s Redemption Song,http://www.vulture.com/article/righteous-gemstones-ending-review-finale-explained.html?utm_source=rss&utm_medium=social_acct&utm_campaign=feed-part
Vulture (NYMag),The Righteous Gemstones Series-Finale Recap: Mercy,http://www.vulture.com/article/the-righteous-gemstones-finale-recap-season-4-episode-9.html?utm_source=rss&utm_medium=social_acct&utm_campaign=feed-part
CNN Entertainment,"Kirstie Alley, 'Cheers' and 'Veronica's Closet' star, dead at 71",https://www.cnn.com/2022/12/05/entertainment/kirstie-alley-obit/index.html
CNN Entertainment,John Travolta and Kirstie Alley: A love story,https://www.cnn.com/2022/12/06/entertainment/john-travolta-kirstie-alley/index.html
CNN Entertainment,"Chelsea Handler, Leslie Jones and John Leguizamo among guest hosts to step in for Trevor Noah on 'The Daily Show'",https://www.cnn.com/2022/12/06/entertainment/chelsea-handler-leslie-jones-daily-show/index.html
CNN Entertainment,"Ashton Kutcher and twin Michael talk health, guilt and rift between them",https://www.cnn.com/2022/12/06/entertainment/ashton-kutcher-michael/index.html
CNN Entertainment,Bong Joon Ho's 'Mickey 17' gets trailer and release date,https://www.cnn.com/2022/12/06/entertainment/bong-joon-ho-mickey-17-trailer-new-movie/index.html
BBC Entertainment & Arts,Trump says non-US movies to be hit with 100% tariffs,https://www.bbc.com/news/articles/cjr7e2z1rxyo
BBC Entertainment & Arts,Lewis Hamilton to co-host Met Gala with spotlight on menswear and black style,https://www.bbc.com/news/articles/c3r807j7xrwo
BBC Entertainment & Arts,Brazil police thwart bomb attack on Lady Gaga concert,https://www.bbc.com/news/articles/c209r5pqzneo
BBC Entertainment & Arts,"Molly-Mae is back, and I Kissed a Boy returns: What's coming up this week",https://www.bbc.com/news/articles/clyqxzlzw9jo
BBC Entertainment & Arts,When is Sean 'Diddy' Combs' trial and what is he charged with?,https://www.bbc.com/news/articles/c0qz32wzeego
ABC News Entertainment,Highlights from Met Gala exhibit: A look at Black style gives prominent voice to emerging designers,https://abcnews.go.com/Entertainment/wireStory/highlights-met-gala-exhibit-black-style-prominent-voice-121452352
ABC News Entertainment,Brazilian police arrest two people over plot to bomb Lady Gaga's concert in Rio,https://abcnews.go.com/Entertainment/wireStory/brazilian-police-arrest-people-plot-bomb-lady-gagas-121447945
ABC News Entertainment,Brazilian police say they thwarted plot to bomb Lady Gaga concert in Rio,https://abcnews.go.com/Entertainment/wireStory/brazilian-police-thwarted-plot-bomb-lady-gaga-concert-121447677
ABC News Entertainment,Lady Gaga rocks Copacabana Beach with a free concert for more than 2 million fans,https://abcnews.go.com/Entertainment/wireStory/lady-gaga-rock-copacabana-beach-free-concert-1-121428446
ABC News Entertainment,Noteworthy and influential people who've died this year,https://abcnews.go.com/Entertainment/wireStory/noteworthy-influential-people-whove-died-year-121413398
NBC Entertainment,'Sister Wives' shows the moment Meri Brown learned Garrison had died while filming an interview,https://www.today.com/popculture/tv/meri-brown-found-out-garrisons-death-filming-sister-wives-rcna204418
NBC Entertainment,"In ‘Death Becomes Her,’ Megan Hilty and Jennifer Simard find their person — on and off the stage",https://www.today.com/popculture/theater/megan-hilty-jennifer-simard-death-becomes-her-tonys-interview-rcna204621
NBC Entertainment,Will Blake Lively be at the 2025 Met Gala?,https://www.today.com/popculture/blake-lively-2025-met-gala-rcna204725
NBC Entertainment,See all of Blake Lively’s Met Gala looks over the years,https://www.today.com/style/celeb-style/blake-lively-met-gala-dresses-rcna25844
NBC Entertainment,"Gigi Hadid and Bradley Cooper's relationship, in their own words",https://www.today.com/popculture/gigi-hadid-bradley-cooper-relationship-timeline-rcna142210
TMZ,"Brooklyn Beckham and Nicola Peltz Tried to See David Before Birthday, Were Denied",https://www.tmz.com/2025/05/04/victoria-beckham-throw-shade-son-brooklyn-instagram-post/
TMZ,Kevin Costner Chats Up Mystery Woman at Raspoutine Night Club,https://www.tmz.com/2025/05/04/kevin-costner-parties-at-raspoutine-night-club-with-mystery-woman/
TMZ,Dylan O'Brien's Trans Brother Says Actor Hasn't Spoken to Him in Over A Year,https://www.tmz.com/2025/05/04/dylan-obrien-brother-has-not-spoke-him-over-year/
TMZ,Aaron Rodgers Sparks Marriage Rumors After Wearing Ring on That Finger,https://www.tmz.com/2025/05/04/aaron-rodgers-sparks-marriage-rumors-wearing-ring-finger/
TMZ,Dave Portnoy Fires Off at Members of Staff Over Antisemitic Sign at Bar,https://www.tmz.com/2025/05/04/dave-portnoy-anti-semitism-sign/
BuzzFeed TV & Movies,"""They Hit Us Full On With Three Tons Of Water"": 42 Movie Moments That Were WAY More Real Than You Realized",https://www.buzzfeed.com/hannahmarder/42-actors-who-werent-acting-in-these-movie-scenes-that-were
BuzzFeed TV & Movies,"Jason Isaacs And Walton Goggins Just Mocked Those ""White Lotus"" Feud Rumors In The Cheekiest Way",https://www.buzzfeed.com/mychalthompson/jason-isaacs-and-walton-goggins-mock-white-lotus-feud
BuzzFeed TV & Movies,Everyone Is Pointing Out This Tiny Detail In The White House's Jacked Donald Trump May The 4th Picture,https://www.buzzfeed.com/mjs538/trump-may-4th-picture
BuzzFeed TV & Movies,Critics Are Saying This 'Breezy' New Netflix Comedy Is Your Next Binge-Watch,https://www.buzzfeed.com/danielwelsh/the-four-seasons-reviews-critics-praise-netflix-comedy
BuzzFeed TV & Movies,"12 Behind-The-Scenes ""Star Wars"" Stories That Blew My Mind, Straight From Set Designer Roger Christian",https://www.buzzfeed.com/andrewfirriolo/star-wars-set-designer-roger-christian-interview
IndieWire,‘The Last of Us’ Review: Episode 4 Asks If It’s Better to Be Safe Than Sorry — Spoilers,https://www.indiewire.com/criticism/shows/last-of-us-season-2-episode-4-review-spoilers-1235119412/
IndieWire,Trump Plans to Impose 100% Tariff on All Movies Produced Outside of the U.S.,https://www.indiewire.com/news/breaking-news/trump-tariff-on-movies-produced-outside-of-u-s-1235120458/
IndieWire,‘Rosario’ Review: Crispy ‘Drag Me to Hell’ Riff Gets Swallowed by David Dastmalchian and an Air Fryer,https://www.indiewire.com/criticism/movies/rosario-movie-review-1235120283/
IndieWire,Bruce Springsteen Calls ‘Adolescence’ Star Stephen Graham ‘Amazing’ as His Father in ‘Deliver Me from Nowhere’,https://www.indiewire.com/news/general-news/bruce-springsteen-stephen-graham-deliver-me-from-nowhere-1235120183/
IndieWire,‘Saturday Night Live’ Highlights: Quinta Brunson Puts on a Showstopper,https://www.indiewire.com/news/general-news/saturday-night-live-quinta-brunson-1235120335/
The Wrap,Colin Jost Attempts to Sell Staten Island Ferry Boat in New ‘SNL’ Sketch: ‘Please Buy It’ | Video,https://www.thewrap.com/colin-jost-staten-island-ferry-boat-snl-sketch/
The Wrap,Danny McBride on That ‘Righteous Gemstones’ Finale Shootout and Tackling Religion Without Being Judgmental,https://www.thewrap.com/the-righteous-gemstones-season-4-episode-9-ending-explained-danny-mcbride/
The Wrap,"Who Is Isaac? Jeffrey Wright’s ‘The Last of Us’ Season 2 Character, Explained",https://www.thewrap.com/the-last-of-us-season-2-jeffrey-wright-isaac-wlf-explained/
The Wrap,"‘The Last of Us’ Season 2, Episode 4 Recap: Guitars, Torture and Pregnancy Tests",https://www.thewrap.com/the-last-of-us-season-2-episode-4-recap/
The Wrap,"Yes, That Was Josh Peck in ‘The Last of Us’",https://www.thewrap.com/the-last-of-us-josh-peck-cameo-season-2/
LA Times Entertainment,'The Last of Us' director on Ellie and Dina's relationship: 'This is not just a crush',https://www.latimes.com/entertainment-arts/tv/story/2025-05-04/last-of-us-season-2-episode-4-director-kate-herron-ellie-dina
LA Times Entertainment,Trump announces 100% tariffs on movies made overseas,https://www.latimes.com/entertainment-arts/business/story/2025-05-04/trump-announces-100-tariffs-on-movies-hollywood-production-film-tax-credits-stallone-voight-gibson
LA Times Entertainment,Marvel's 'Thunderbolts' kicks off summer box office with a solid $76 million,https://www.latimes.com/entertainment-arts/business/story/2025-05-04/marvels-latest-thunderbolts-smashes-box-office-continuing-a-strong-month-at-the-theaters
LA Times Entertainment,"In this novel inspired by G.W. Pabst, Leni Riefenstahl is among the bit players",https://www.latimes.com/entertainment-arts/books/story/2025-05-04/the-director-gw-pabst-book-review-daniel-kehlmann-leni-riefenstahl
LA Times Entertainment,Apple has made splashy bets in Hollywood. Are they paying off?,https://www.latimes.com/entertainment-arts/business/story/2025-05-04/why-apple-tv-has-struggled-to-attract-subscribers
